Titre	Prix	Localisation
Terrain de 300 mètres carrés à vendre à Malicounda	70.000.000Fr	N/A
Terrain de 2000 mètres carrés à vendre à Nguérigne Sénégal	4.000.000Fr	N/A
Terrain de 300 mètres carrés à vendre à Malicounda Sénégal	50.000.000Fr	N/A
Terrain de 600 mètres carrés à vendre à Saly Sénégal	19.000.000Fr	N/A
Terrain de 500 mètres carrés à vendre à Nguérigne Sénégal	1.800.000Fr par parcelle	N/A
Terrains de 225 mètres carrés à vendre à Sindia Sénégal	60.000.000Fr	N/A
Terrains de 2000 mètres carrés à vendre à Warang Sénégal	6.000.000Fr par parcelle	N/A
Terrains de 300 mètres carrés à vendre à Guéréo Sénégal	4.000.000Fr par parcelle	N/A
Terrains de 300 mètres carrés à vendre à Guéréo Sénégal	16.000.000Fr Par parcelle	N/A
Terrains de 300 mètres carrés à vendre à Saly Sénégal	32.000.000Fr par parcelle	N/A
Terrains de 600 mètres carrés à vendre à Saly Sénégal	17.000.000Fr	N/A
Terrain de 300 mètres carrés à vendre à Saly Sénégal	11.000.000Fr	N/A
Terrain de 225 mètres carrés à vendre à Saly Sénégal	27.000.000Fr	N/A
Terrain de 300 mètres carrés à vendre à Saly Sénégal	17.500.000Fr	N/A
Terrain de 300 mètres carrés à vendre à Saly Sénégal	35.000.000Fr	N/A
Terrain de 500 mètres carrés à vendre à Saly Sénégal	11.000.000Fr par parcelle	N/A
Terrain de 3 hectares et demi à vendre à Mbourokh Sénégal	50.000.000Fr	N/A
Terrains de 500 mètres carrés à vendre à Saly Sénégal	1.800.000Fr par parcelle	N/A
Terrains de 225 mètres carrés à vendre à Sindia Sénégal	12.000.000Fr	N/A
Terrain de 1 hectare à vendre à Mbourokh Sénégal	27.000.000Fr	N/A
Terrain de 520 mètres carrés à vendre à Saly Sénégal	28.000.000Fr	N/A
Terrain de 1 hectare à vendre à Mbourokh Sénégal	10.000.000Fr	N/A
Terrain de 1 hectare  à vendre à Mbourokh Sénégal	10.000.000Fr par hectare	N/A
Terrain de 2 hectares et demi à vendre à Louly Sénégal	7.000.000Fr	N/A
Terrain de 1 hectare à vendre à Louly Sénégal	35.000.000Fr	N/A
Terrain de 400 mètres carrés à vendre à Saly Sénégal	40.000.000Fr	N/A
Terrain de 600 mètres carrés à vendre à Saly Sénégal	15.000.000Fr	N/A
Terrain de 300 mètres carrés à vendre à Mbour Sénégal	5.000.000Fr par parcelle	N/A
Terrains de 225 mètres carrés à vendre à Gandigal Sénégal	19.000.000Fr	N/A
Terrain de 300 mètres carrés  à vendre à Saly Sénégal		N/A
N/A	© 2024. Immobilier au Sénégal - Tous droits réservés.	– Terrains à vendre à Mbour
N/A	© 2024. Immobilier au Sénégal - Tous droits réservés.	– Terrains à vendre à Mbour
